Size,BST/Insert,BST/Remove,BST/Search,DLL/Insert at the back,DLL/Insert at the front,DLL/Remove from the back,DLL/Remove from the front,DLL/Search,Hash Table/Insert,Hash Table/Remove,Hash Table/Search,SLL/Insert at the back,SLL/Insert at the front,SLL/Remove from the back,SLL/Remove from the front,SLL/Search,Vector/Insert at the back,Vector/Insert at the front,Vector/Remove from the back,Vector/Remove from the front,Vector/Search
250,121588,50496,14341,116016,86171,19736,29240,108455,489997,30798,10200,108135,70056,71123,12122,131760,71243,377080,15422,178119,136573
500,8722746,56531,14209,65954,70037,16590,30465,303340,66461,32742,10584,160555,57245,130584,12441,1597467,65839,890967,12629,476839,385932
750,184773,8252787,14882,62712,63962,17803,36922,519469,68914,38078,9550,213147,53855,199044,11166,617213,74047,1440432,12336,806774,637937
1000,95259,64918,16052,56461,58228,17795,25082,875184,64035,31258,9290,291168,50741,338387,11912,898355,50163,7842348,10249,1078456,911653
1250,91300,50717,18087,58039,53289,18835,24140,5086442,75921,29279,8747,556017,51764,657614,12366,1511594,85360,2649539,13127,1391199,1141825
1500,105287,49579,18759,54045,54739,17864,21965,3698655,55668,35238,8488,1007995,51008,1111323,11622,2163191,54711,3202917,11833,1772833,1395624
1750,93847,51571,18712,52447,57586,16673,23446,2620107,60261,38843,9035,1688523,49970,1746012,11535,8237713,47961,3796963,9540,2151393,1659918
2000,92045,51307,18585,51449,62929,16704,21544,3037167,57882,34161,9142,2313229,46128,2426285,12378,2927922,47451,4287799,10122,2392235,1915179
2250,85207,54879,19428,50100,60311,18246,20616,3610690,57830,35883,8714,2853582,45876,3034880,12834,3329430,101006,4888853,10251,2790824,2203893
2500,84662,51616,19289,49490,53933,15580,19541,3897401,93049,39161,15330,3417640,42662,3905372,12285,3917653,50160,7173179,14048,2973445,2408020
2750,92055,49505,18776,50989,52939,18379,20223,4342243,67407,43164,9323,3957784,46647,4294338,12420,4207449,45057,6214747,10952,3277423,2665910
3000,98665,51057,18334,52306,51254,18574,20347,4862802,55870,40509,9380,5335568,43444,4643720,12299,4676764,38282,12512582,12292,3964944,2948865
3250,89158,54267,18158,46720,52493,17969,19285,10647887,51437,42123,9212,4533753,44799,5006732,13096,5123490,42625,7334339,9413,4085733,3997647
3500,91058,55418,18554,49285,51316,17038,19272,5449109,54429,41751,9133,5255981,44793,5430161,15004,5550997,45492,7941604,12582,4221402,3566251
3750,87167,62085,18203,47030,75378,17248,19307,6091326,61906,43671,9333,5461819,45805,5763752,14535,6019228,46874,8693276,9415,4640797,3777935
4000,88375,57829,20546,45786,62278,17327,23821,6363597,61925,46667,11578,11049150,42588,6182392,13814,6570273,42592,9114156,20708,4983753,3964601
4250,98047,57052,20127,46469,54622,18209,19982,6626896,57829,47619,8917,6051921,42359,6599407,15549,6764823,147836,9673908,9500,5396726,4188861
4500,100824,52119,19787,50221,53995,16705,18321,7025819,56503,50344,8932,6394848,43932,6912250,14378,7199259,45421,10334220,11170,5477855,4534368
4750,103226,55763,19676,43895,52842,18086,20004,7400522,52211,61631,9041,6774942,40881,7274088,16837,7647480,43158,10997395,13542,5884152,7191193
5000,89412,63870,19922,48491,53151,17534,20081,7957507,53374,61985,9072,7197419,43015,7671019,18578,8204566,45117,11555217,13091,6089579,5141850
5250,93972,63880,22785,47227,50879,17910,19703,8407690,119451,90464,8922,7402965,42038,8059368,15174,8594371,38465,12114735,10366,6585044,5274217
5500,93300,59958,20863,44226,49919,17907,25064,8797482,56211,39961,8453,7719805,41805,8470169,14945,8748131,46011,12724079,10082,6979636,5505757
5750,98170,59175,20668,44498,49370,18266,19676,9259965,49867,24251,9112,8114150,59519,8792927,15293,9106893,41585,13411931,9916,7332650,5706737
6000,92882,58790,21456,45950,47200,19665,21866,9462797,57756,25415,8920,8411464,39907,9151728,15096,9591940,44102,14167145,9415,7528157,5948238
6250,98188,59627,21497,43678,47547,17995,19476,9813357,57886,25663,9584,8816960,41592,9529905,15373,9698664,40589,14584232,11956,7865417,6221751
6500,102651,56960,21873,44450,45582,17068,23150,10310830,52257,24988,10424,9079761,41717,10101300,15368,9893720,40709,15221822,10585,8187635,6469507
6750,101665,58211,21577,42405,45702,16432,20245,10630503,54297,25911,10410,9514939,43510,10475102,15446,10219218,39705,16027623,9378,8527264,6713765
7000,97365,58550,21746,49298,44586,16329,23098,10933474,55220,24671,10411,10023703,41294,10809903,18928,10384473,41082,16770427,9252,8804319,6965228
7250,97128,63917,20870,44936,43708,17665,20086,11512850,61222,25841,10353,10382045,41054,11195167,15964,10534110,38631,17365343,11002,9171741,7300772
7500,84549,59574,40622,41445,45054,16862,19503,11951865,56539,25371,10420,10519633,40717,11448752,15822,11028375,40967,17998903,12165,9502628,7491029
7750,94453,57174,19833,43127,44919,18782,27358,12350959,53243,26751,10332,10832597,40673,11598554,24140,11304636,42214,18611199,9461,9748216,7749260
8000,95343,60881,19594,41665,44415,19422,21489,12745721,62872,25035,10408,11159613,40141,12012609,17066,11658056,40925,18877356,13039,10109360,7974748
8250,88415,57329,19627,42012,45219,16686,24918,13242662,57749,26461,10426,11497162,40131,12364991,16339,11994090,241920,21448436,9545,10429653,8259673
8500,92958,57383,20088,42588,42543,16738,25837,13423789,62048,29373,10406,12031681,39577,13025095,16718,12381283,39616,20343883,10172,10751414,8491016
8750,93533,60506,20091,41009,43672,19255,21435,13934932,57672,25962,10412,12471730,37373,13085722,16403,12664410,38535,21105228,9502,11100710,8779641
9000,88747,58922,20109,40349,43337,25133,20273,14301646,62710,26369,10478,12818152,37529,13343939,15662,13184562,40213,21727401,9624,11385882,8986693
9250,92384,61913,21169,39433,44613,19018,25596,14530393,62288,25788,10369,12868498,37885,13718909,16491,13263137,40751,21978655,9293,11747936,9238624
9500,94588,57752,20090,41262,44638,18544,20696,14870738,56047,26889,10375,13138422,37667,14043209,16958,13268855,37957,22676542,9580,12072821,9511707
9750,122622,61623,20748,40535,43910,18112,20321,15349124,58416,27923,10382,13717729,37669,14503100,15662,13509110,38831,23298300,9582,12453659,9745886
10000,94123,59337,21248,36352,42086,20749,20579,15692517,55831,26950,10456,13936441,50334,14755776,16216,13639619,35170,23850925,14627,12675964,10022056
10250,99976,82998,21248,36867,41631,18074,19909,16062145,53454,26806,10381,14269327,36179,15258118,16168,14197606,39255,24772944,9626,13040968,10257486
10500,102299,65577,20956,37731,46480,17456,19746,16604544,240386,26800,9170,14917297,35996,15915975,14266,14329887,41300,25147193,15422,13357980,10506189
10750,91306,61699,21710,37733,44841,19397,18505,16901052,51654,28119,9460,15146768,35312,16246860,13490,14718765,36589,25637704,9416,13689862,10743740
11000,83585,62496,22124,36134,46491,17957,21011,17275148,48426,27343,9378,15242973,34980,16182980,14741,14914529,41053,26212330,10711,14043828,11016956
11250,83232,62656,22247,41470,47364,19866,19785,17969282,52389,28295,9369,15490779,38496,16738205,14711,15190619,39619,27211558,11289,14334587,11257759
11500,83793,68081,21743,38036,42256,15590,23375,18342544,53501,28166,9359,16206501,36659,17350850,16385,15345939,39381,28022316,9583,14831892,11507716
11750,84753,61623,21622,39980,41358,17708,21180,18729396,50587,28627,9167,16559811,35355,17603315,14272,15649134,37040,28653198,9164,15407822,11802440
12000,2051352,65225,21671,35332,41945,17343,20820,19162690,77594,27463,9333,16951619,33765,17630741,15077,15608079,55579,28952630,9420,15996422,12012621
12250,173886,66963,21794,37468,42879,18900,21380,21883151,56845,28050,9427,17259661,35338,18012659,16128,15872384,38638,29216288,10080,16618317,12272233
12500,1757177,61548,21827,37302,40339,19336,20845,19882703,56033,27954,9496,17281744,36683,18325752,13995,16380981,32964,30041551,12210,17150993,12651331
12750,200219,61921,21583,36096,37786,16320,20353,20728036,50700,28567,9460,17489418,33523,18722600,13849,17103134,38539,30371228,10958,17758637,12801300
13000,198253,70090,21786,37725,45091,18339,22671,20996533,54253,29165,9663,17867878,34530,19059814,14117,16714674,33239,30967105,9582,18436818,13052427
13250,156629,64454,27715,35659,47028,16797,19813,21249167,56383,30880,9382,18187191,34209,19564708,14015,16945080,42549,31535780,10541,19165179,13269302
13500,135545,66381,22253,38128,42633,15672,23756,21417046,50717,28833,9544,18555399,34200,19717582,14362,17289671,32379,32211879,9495,19671606,13694149
13750,125547,66464,22126,36248,39616,16748,22437,21984733,49089,29054,9338,19948903,35715,20061054,13070,17724861,35962,34466824,9417,20350076,13817359
14000,116836,67920,23078,35140,43415,17743,20601,22328115,53464,27996,9629,19298640,34998,20427105,13963,17945073,43623,33654238,10669,20890171,14058619
14250,129795,68796,22329,33824,40282,17717,21768,23099889,50494,29680,8917,19982865,32485,20815951,14007,19451869,34338,35107002,9371,21524939,14439715
14500,120344,69124,22253,36410,41538,16350,22288,23182893,64295,31204,9334,19964438,35162,21204462,14008,18545509,40958,35402674,9495,22163544,14532341
14750,131010,67291,22458,37044,40168,17008,24557,23540615,53618,30377,9557,20220496,35114,21462598,14504,18950817,33841,35410592,10708,22754853,14965600
15000,120039,68961,22506,33914,41584,18125,30083,24270086,51796,29286,9043,20571833,42191,21807276,14592,19089477,36906,35888143,10044,23597492,15144813
15250,114306,93590,22374,34834,44486,16258,23709,24663100,53412,31375,9415,20833595,42400,22160074,13841,19083404,33296,36499099,9958,25462092,15323661
15500,108881,73675,22454,32791,38593,16822,23456,24879856,53473,29471,9518,21217779,37498,23008263,14043,19466100,39565,37321485,9669,24563272,15550667
15750,116883,74380,22083,34271,36574,16663,27698,24896649,53628,29894,9403,21564873,38835,22942185,15218,19718423,37621,38088166,10378,25182502,15850635
16000,119807,71532,23762,34882,45007,17325,24523,25317991,51460,32501,8873,21836625,38943,23342110,14622,20222269,36031,39070591,9921,25652348,16055263
16250,107001,74460,22922,34194,40797,17175,28303,25803291,56339,31452,8919,22698732,37628,23468155,14167,20494813,33719,39132974,9122,26239566,16338308
16500,120621,73002,22378,36500,41709,18376,28279,26067460,52891,32373,9251,23052155,36639,23808417,14585,20975155,487553,39593057,9328,26861244,17261243
16750,110417,69827,21546,36375,41141,17880,29994,26734236,55909,31359,9221,22876284,36800,24409393,13547,21316518,38422,40356322,9457,27490102,16916584
17000,114762,80804,21535,34401,40783,17369,26396,27574545,52548,36698,8751,23191250,36350,24749779,14545,21009081,38625,41186039,11123,28042741,17254504
17250,124258,72784,21706,47980,46381,16878,25145,27322472,50759,34121,9518,24286063,35676,25090490,13537,21098224,39995,42316179,9578,28721591,17345504
17500,114717,75668,21749,35291,44674,16976,23606,28187131,58746,30585,9158,24162274,36458,25814642,14015,21386308,43045,43017690,9295,29296607,17598590
17750,107912,83374,21626,32263,37790,17864,24622,28052033,55502,30759,9505,24309910,34495,25734428,14370,21573094,34899,46947445,9457,29852416,17962520
18000,140596,104529,22034,35843,39084,19507,23301,28444149,54504,34131,8993,24668789,35451,25929726,15412,22051989,39290,43695825,9373,30423717,18186650
18250,121203,78998,21669,34341,44733,18978,22966,29457354,57469,54705,9503,24874305,38894,26316405,14577,22046119,37742,44706415,9461,31008652,18385533
18500,107061,118623,21870,36277,38107,16399,24528,29913194,59419,30883,8959,25255602,35393,26778466,14577,22255907,34467,44620752,9375,31619378,18572999
18750,137511,66289,21589,36513,44889,17882,25522,29738857,57194,34033,8997,25563440,35970,27579276,14455,22591381,39622,45852519,9335,32382056,18845791
19000,118040,70758,22450,33867,40424,16120,24380,30427558,58755,34085,9450,25903324,33584,27679194,14874,22942015,33255,47267372,12503,32926704,19114554
19250,120258,78713,21509,32843,40875,17218,26399,30853926,54789,38135,9341,26718186,36176,27916412,13765,23189351,36261,48618014,9413,33483257,19388725
19500,120214,73628,22089,31350,35985,16643,24446,31506327,62288,40585,9422,26628263,32832,28187964,12923,23527945,34398,50191335,9503,34163236,19633110
19750,119047,73081,21672,35396,46211,16906,23204,31276816,61915,33036,9546,26942857,36414,28454014,14288,24392602,41780,49932709,9621,34797720,19841438
20000,125423,72203,21627,31339,38920,15784,24936,31610036,54416,33133,9333,28537901,31048,28785679,14503,23849258,43468,50868014,9418,35673601,20113869
20250,118345,71962,21965,33050,37243,16074,22896,31991726,59708,36078,9504,28389683,31646,29170865,14100,24025710,30583,50516423,8961,36779681,20395381
20500,123504,73430,21472,32496,37523,18037,22936,32349690,60450,36145,9014,28350107,32454,29454998,14822,24649150,32236,52221199,9210,36589878,20625711
20750,113381,77873,22297,32552,39037,17180,25641,32915821,60504,38000,9252,28841410,34744,29782386,16088,24785739,31846,52078316,9831,37330947,20880386
21000,113251,75793,21889,33030,35539,16656,23815,33229455,657611,38339,9398,28838059,33712,30429111,13117,25042038,35453,55308736,9495,38024922,21233562
21250,110079,71918,21995,32217,37815,16557,25968,34215066,52827,34969,8719,29870563,32884,30790664,15459,26044944,34791,53932838,9500,38508598,21399652
21500,115115,91788,21841,32994,37056,16013,22389,34067651,53254,37585,8620,30174321,33080,31482230,14693,25633436,32501,54867446,9753,38924781,21647942
21750,114282,79385,21670,32003,38235,16496,27202,34729416,50582,38244,9027,30412375,31282,31703568,14998,25708582,31711,56272542,9498,39625545,21872745
22000,112908,81587,21621,32509,34250,17531,23869,34583116,54594,37163,8713,30109079,32102,31644567,14916,25981521,33830,55980493,9086,40375273,22254427
22250,109411,71588,22545,32907,36841,18106,21832,35119094,51007,36835,8799,30310120,33701,32367003,13557,26138070,34445,56938800,13626,41490014,22356772
22500,110429,76830,21739,34408,38041,16854,22414,35799377,52432,38419,9415,31216061,33031,32784263,14674,26449038,37298,57369311,9204,41655433,22658099
22750,113248,73294,22000,40635,42093,17984,23775,35834411,52792,36832,9035,31374985,33034,32678470,13952,26812381,32125,59068327,9624,42206235,22898436
23000,110828,72958,21759,43143,36133,17609,20806,40669489,60923,40747,9084,31367819,33427,32975814,14382,27193844,33573,59007661,9206,43239522,23147278
23250,112751,78213,21877,39328,38238,16004,26959,37637655,54333,38877,9500,32098840,32950,33347945,15742,27593582,31040,61499199,9253,44087285,23384662
23500,116344,81792,21921,36666,34809,16824,30991,37830583,93077,35963,8961,32440640,30956,34488855,16127,27816333,29841,63363010,12833,44292795,23673875
23750,114427,82928,21710,36253,37583,16712,19504,37484820,58671,34844,9089,32725685,30911,33949589,15114,28192411,30125,60508360,12285,44784932,24178593
24000,117310,83128,21618,37294,34788,16621,19119,38716605,92994,39532,9253,33143458,32507,34298062,14288,27700905,34290,60890078,9212,45882913,25354508
24250,120421,78705,21371,34919,33397,17558,23116,38414942,59126,41168,9008,33144531,30352,34693945,13706,28124719,29270,62733019,10457,45889838,24698451
24500,113958,77373,22079,36238,36979,16008,25670,39283658,55080,40049,9455,33490582,32925,34992621,14340,28557264,30497,63593113,9208,46568182,24770523
24750,120096,77207,21712,36374,41417,16235,18416,39227130,57500,37580,9221,33754518,32459,36004135,13756,28985101,31627,61469001,9494,47053573,24984242
25000,113631,89171,21872,33158,33159,16964,19373,40152195,59761,42717,9346,36297716,31421,36005228,14551,29174608,35996,60240071,10041,47869634,25185082
25250,107002,88329,22037,36925,33724,18097,21484,39994520,54599,35913,8656,35862153,31592,36269120,18553,29245909,30210,61270043,9541,48386940,25435146
25500,142057,89167,21745,34397,34714,16716,22391,41095138,56209,35422,9292,34798911,33167,36449539,14462,29330676,29906,62105476,9167,48888083,25749602
25750,112044,79045,21656,33778,33966,16414,20436,40861456,60303,45376,9358,35142762,32718,37199935,14421,29778793,30442,62019717,10211,49586767,25960521
26000,110339,82964,22116,32654,39085,16589,47614,41481605,54908,38791,8833,35930237,29819,38229267,15544,29620208,33497,64631837,9578,50159613,26487459
26250,117751,100132,21414,35489,34200,17338,19121,42231126,59662,40781,8915,35781232,31420,37616243,14885,29828349,30722,63319321,9248,50730376,26584167
26500,114215,85752,21673,34439,40169,17834,19105,41895083,57834,45256,8719,36039912,32708,38131091,14841,33082777,30955,65108883,9292,51463357,26842631
26750,112454,102998,21674,33421,40758,18112,19284,46022100,59167,38231,9333,36526670,33672,38516930,14450,31470845,31557,64386500,9669,52592472,27007758
27000,125501,93386,21424,31414,60752,18335,21969,42673163,56580,44413,8583,37327654,31083,39302961,14023,31079504,29057,64890430,11007,54525314,27217645
27250,113961,103391,21919,31807,37231,15870,25813,42946268,56128,43502,8877,37740544,30116,39374626,35005,31255218,29353,67336333,9580,53432035,27446845
27500,116954,87582,21714,33161,37235,16841,24230,43736249,56171,39823,9093,37770503,32006,39609803,14041,31518059,35092,66706368,9211,53828547,27752058
27750,118372,92037,21798,32243,44958,16663,20671,44907240,62127,45133,8841,38612780,31734,39894893,14013,31497387,35330,68544449,9371,54731065,27957990
28000,120501,92293,21757,32752,35311,16785,17960,44110173,57498,43758,9159,38198473,35162,40257943,14491,31840898,29789,69194201,9543,55537923,28338802
28250,115380,91256,22293,35249,35570,16425,18412,44492028,56701,44630,9295,38407518,35956,40580580,14746,32109708,30467,71298901,9671,55662969,28500343
28500,115088,87054,21869,30972,34957,16661,18312,44669777,62504,40710,9255,39392129,31595,41073130,14032,32588877,28988,68614194,9458,56330067,28815902
28750,120593,94786,21700,32538,32891,15383,22408,45095801,58252,43787,8588,39399381,30911,41745196,14408,33463860,29777,69388921,9834,56977585,29016631
29000,114207,89888,22007,33594,35421,16254,18818,46270365,60916,51170,9120,42638131,33774,41579652,14139,32820527,30388,69944299,9751,57381425,29231278
29250,121012,91845,21622,31518,36452,16627,21822,47852021,58547,40633,9299,40180524,30712,41911869,14161,33312115,34013,71855655,9874,58004070,29503406
29500,127810,89168,21962,31907,34136,16203,17785,47389050,59083,42734,8700,40198193,31426,42910857,14666,34002045,31885,72337915,11958,58695131,29780579
29750,126026,96630,21533,33071,36824,19128,19199,47023686,57431,44716,9213,40736380,32727,42594225,15134,33682706,31327,72312126,9584,61960548,29980958
30000,129834,90833,22126,31621,36711,16751,23133,50609774,58884,52093,9292,41136474,31961,43224699,14663,34131597,36177,72927630,10378,59991951,30321724
30250,178416,96534,23288,31892,34997,17206,26753,47505975,59385,45748,9258,41275269,50312,43385911,14331,34181053,29716,76890400,9583,60353211,30471436
30500,226715,95137,21851,32357,40831,16709,26123,47935486,58369,45618,9000,41419896,32512,44784951,14369,34727617,31015,75421333,9752,61119524,30866045
30750,161212,100256,22124,32498,36161,16170,22218,48668997,58089,44170,8629,42697717,33795,44831413,14049,35080262,30530,74214030,9206,61739879,31209538
31000,143492,115748,21669,32464,34836,16329,26491,49391577,57674,53707,8661,42149423,32622,44589987,14046,38068834,30253,74951249,11706,62641027,31280448
31250,137621,96788,21958,31827,36099,17462,24027,49343572,58133,45010,9211,42347338,31468,44790870,14787,35446036,28875,76106284,12422,63637762,31477535
31500,130299,96466,21746,31039,36506,16414,25718,50427351,60372,46375,8288,43098827,30977,45731353,14252,35646146,28098,77972259,11244,63877219,31762110
31750,126345,98616,21866,31664,35039,17032,27321,50070635,57834,48873,9535,43626587,31703,45814987,14537,35929857,32496,77304966,10133,64973540,31993383
32000,124264,87874,21663,31330,31153,17164,26109,50608516,60614,45888,9045,44069922,30835,46817972,14002,36003651,29093,77033740,9585,66083942,32303064
32250,123504,90169,22129,30418,37878,15922,26757,51420262,59133,47256,8837,44296815,31618,46759098,14076,36531215,34460,82702330,10128,68350619,32495938
32500,234633,98788,22002,31338,35682,15847,31408,52678035,56318,54139,9206,48029217,30213,46721345,15725,36785512,34438,79484916,9832,66636875,32972258
32750,164541,102538,21626,30841,37388,16894,25141,54220824,64749,48460,10758,45159635,33522,47154024,15449,36860297,28705,79407409,9378,66822249,33066883
33000,153535,93628,21717,31010,39594,15928,27655,57702476,61159,53549,8655,45062961,31873,47644998,14836,37208777,839266,79781128,9580,67671729,33520646
33250,149978,98546,21839,31637,34036,16670,36887,54062331,60947,51712,8920,45123959,30615,48766323,15078,37222027,39627,80181089,9085,68678219,33559405
33500,147499,89259,21793,30673,37026,16083,19454,54178697,55285,53193,9048,45555102,31544,48901284,15159,37393447,42582,80706433,9794,68658674,33750620
33750,154197,89078,21910,31086,40488,18402,19338,54878261,61083,53258,8989,45958531,32337,48818243,16082,37830206,39797,81311775,12583,70495932,34123868
34000,147713,101662,21959,30799,40454,17876,21458,54430379,60047,50915,8790,46161315,30089,50249828,13616,38156925,36543,82149412,10289,70481017,34282363
34250,142661,98390,22552,30242,36331,16552,19317,54553388,60410,51670,9118,46572002,35362,49910483,15547,38124143,38703,85349547,9462,74726965,34620093
34500,145542,97088,21888,30381,37469,17049,19376,55659746,60996,53959,8964,47255109,31155,49951104,13672,38609219,34679,83728535,11330,71395328,34802762
34750,148457,96598,21668,30755,36713,17784,18039,54940722,63969,50967,8711,55327131,32983,50563169,15330,38815931,34800,84426627,16669,72036183,35286442
35000,208880,103840,21912,30999,42919,17176,16933,55272490,61591,51866,9036,47673831,31040,51611241,12876,41986791,33449,85615936,9045,72957037,35940289
35250,168842,97638,21793,31521,36592,20911,18716,55738123,63580,59175,9126,47911457,31511,52630514,15256,39988307,33662,85476438,13584,73604969,36491425
35500,172017,105678,21587,33201,35164,16587,16582,55894000,65207,73758,9281,49684937,32362,52034667,13805,40430869,33131,86404456,10917,74467207,36448720
35750,166047,115102,21505,31323,35106,17241,17297,63239376,64511,51509,8784,54125305,31332,52287217,13755,40722539,34036,88398851,10037,74490788,36559961
36000,170303,118202,21623,31751,34884,16340,16755,57808308,61626,50218,8851,49637051,32217,53647806,13211,40751752,32763,90464926,9547,75209726,36928056
36250,166838,103199,33494,34047,35163,16007,17318,59156059,60659,55290,9205,50605792,31008,53709054,13785,41805992,34136,88095882,9788,76088405,37185732
36500,170574,104701,21539,30714,34209,15253,16505,57693139,59410,57125,9916,50091520,30282,54742920,13667,42312045,30248,89203067,9251,77833746,37311412
36750,163980,107928,21623,28377,35862,15966,16742,58691114,60620,57959,9373,51205722,29711,54612035,13753,42700640,33995,90004541,12668,77344448,37646547
37000,170349,99786,21794,30709,71921,15877,17825,59321139,60762,57951,9621,51127971,30455,54380318,14571,42752527,30415,89853081,9458,78114710,37919187
37250,169259,109486,21927,30599,62763,17125,21319,59095733,61993,66127,9413,51125178,30144,54543286,14666,42696684,29779,89930650,11954,78462440,38196095
37500,175293,114163,21634,30376,52046,16337,16401,60405882,83074,56468,9581,51354019,30712,55092300,15339,43041360,30577,92501266,11920,78687442,38406147
37750,162917,109060,21587,30296,68418,16302,18762,60952044,69326,65122,9250,51786740,33795,56910190,14964,43381038,30789,91228915,9629,79189865,38734574
38000,189954,112302,21713,30120,62807,17463,16902,60510086,64514,71430,8962,52181041,30956,57666710,15336,44939870,29649,91999460,9460,79723207,38518521
38250,171547,109924,21580,30419,65903,17086,16620,67443660,64214,61002,9376,52444253,31379,59692057,14431,43812386,30176,92798853,9502,82000071,38855989
38500,152408,111129,21877,29986,49923,17827,17965,62098666,62921,74943,8884,53503450,30278,58382358,13969,47678123,31834,92935269,9460,81500470,38996169
38750,150339,104432,21714,31327,49423,16566,18342,62925832,60039,67375,9073,58963315,30448,60883518,14657,45168919,29278,93590205,9376,82051981,39108792
39000,144757,105167,21785,31237,53756,16209,17583,62795684,64840,59191,10006,54019501,31414,59210140,15078,44612537,30127,94604091,9957,82945424,39341248
39250,149629,119177,21868,30299,48751,16587,18385,62132685,60829,69307,9368,55026247,30386,59865277,14385,44965578,47547,97120999,9371,85474950,39689350
39500,182752,129175,22340,31123,48663,17507,17874,63482666,67878,61461,9529,54808582,31101,59792068,14198,45241637,34325,95629525,10412,83859608,39868103
39750,152088,111597,25411,29711,47092,17174,17601,62727396,69878,61500,9773,54887035,28182,62560682,13879,45561473,33346,96418877,9585,84330368,40114481
40000,156512,109477,22752,30379,43039,16586,17668,63427763,68786,56711,9707,54930008,30295,59988422,15038,45400807,35083,96818228,9461,86072005,40369121
40250,142218,111962,22331,30874,46128,15494,18945,64645280,64451,73096,9919,55201128,31570,60683547,15168,45661647,33209,97402322,9289,87167151,40611298
40500,152379,120177,22075,29577,43464,15295,17380,70289029,65677,62407,9797,56554623,33569,60942639,15468,46211493,32386,97906249,9832,87315904,40866674
40750,151723,122337,23621,30976,46869,20004,17624,65438055,63635,64812,9164,56764543,31881,61533289,14512,46641759,30507,101390924,9621,88782814,41323019
41000,150833,113253,23961,29848,49639,17590,17860,66397256,68332,70430,8925,56350156,29420,62258550,14586,47230196,30881,100787706,9593,88629942,41477108
41250,170081,119250,23181,33690,43286,16156,17461,66185538,67324,74162,8510,58522433,31426,64082901,13533,47456080,30795,99748848,9463,89470337,41577157
41500,163264,106168,25582,28264,54300,16871,17614,66395094,69403,61973,9135,61336897,28622,62862324,14219,47421158,28912,101767512,10169,90173686,41897417
41750,154044,110763,23163,30957,41747,16456,18335,67100613,68015,68958,8911,57672409,30797,64500122,15169,51383272,35592,102925733,9911,92421913,42260921
42000,162589,126247,23168,30137,46088,15832,17761,67999048,65461,69462,9332,57728001,32942,63931352,14459,49407253,30610,102602644,10418,90613579,42754715
42250,158212,112408,22503,30048,45340,20201,16996,68257639,5218288,89424,11448,58101216,31203,64876176,15674,48792858,30115,105758327,18463,90324275,42691560
42500,157003,120959,22453,31434,40952,17665,17582,67939807,65533,89466,11414,65197362,31831,64867339,14669,48823857,29382,104042402,10375,91558968,42976898
42750,143038,120007,22790,29416,51536,16253,16672,73022440,60515,82703,11010,63787506,29331,67228078,14207,49491800,29204,104692201,9792,92581373,43176906
43000,150663,119341,22409,29412,47175,17120,17118,69242623,61785,93668,11209,61028387,30663,66841147,15795,49464646,27797,105132096,10716,93123218,43452030
43250,159676,116274,22634,30121,48633,20748,16717,69269667,60788,80883,11286,61295514,30296,67237914,14489,49858275,29413,106127100,9631,93460559,43637781
43500,162922,122756,22712,29836,48505,17958,18750,69740684,62708,85450,11313,61510888,32632,67467669,14678,49939907,29546,105490709,12088,94314582,44044474
43750,202849,134870,22546,28511,48840,17045,17235,71094767,57496,81134,24299,70119738,30873,67279334,13338,50349425,27235,107840791,10840,93875576,44559323
44000,209463,123213,25883,30279,41130,15788,18530,72768266,58351,81167,13241,62545757,36418,67577086,15499,50500913,31829,107986825,10831,94046124,44434221
44250,188337,125454,23455,29744,68202,16586,17682,71534570,56430,92706,10712,63390404,33835,69850992,14453,51763961,37210,106950987,9870,94746271,44670731
44500,183013,122915,23416,29452,48297,17042,17924,72065325,56795,83546,10990,64276640,34264,72637156,13581,52201922,28746,108898850,10120,95418238,44913362
44750,181551,127375,23302,28657,42534,16742,16656,78627966,55748,87922,10833,64283355,32956,69909410,15579,52393421,27697,110826068,11958,96067333,45150590
45000,183335,131499,23372,29668,42492,15424,17242,73045198,57908,128379,11168,65758521,35670,69811407,14843,56344710,28255,112436424,10787,98305890,45451258
45250,174515,134674,22915,30666,43297,19745,17082,73655252,58717,201049,10674,66054651,35862,70655679,15055,53673513,28334,109843344,10005,97674664,45744849
45500,167666,145466,22871,29953,50719,16214,17330,74461271,58413,1577309,10883,68848397,36926,72724454,15617,54317780,28531,111052120,11913,98571691,45913772
45750,165544,151131,23340,29991,47921,18879,19065,77078060,54596,98467,10836,67452109,37851,72340433,14510,54529450,32170,111462202,11372,99023856,46189507
46000,169794,176547,23409,30957,45335,15629,19747,76018325,60620,113547,10502,67975634,36794,73561137,14207,54082681,28840,112665433,13961,100346401,46447409
46250,157622,243849,23622,28654,48527,16130,19447,76499667,60134,92301,10992,68039170,35873,75273316,13999,56172081,28134,113320061,11204,101757106,46679666
46500,177585,102965,23959,28829,41537,15668,18208,77854736,225591,90927,64999,69389294,37338,75848537,14259,55011591,27046,116059940,10541,101672521,46994590
46750,190081,118420,24256,32714,36626,16705,18511,82317787,102042,58742,10575,69527078,36545,77460797,15655,55536681,33614,114327960,10041,103306389,47179723
47000,180684,115340,23667,32079,42083,17205,18188,79581578,89249,60832,10726,70106395,35757,79361477,15173,55718654,31638,116489345,10250,102898185,47439609
47250,189660,107054,23260,30253,47754,16129,18002,79022855,86670,66343,10710,72050113,42838,78949470,15207,56344057,28661,115900052,13418,103969951,47716029
47500,190013,110833,26837,29453,50796,16671,18293,79327578,85005,64386,10496,73893748,36039,79455649,14705,60163207,27831,116882741,10462,105197978,48175359
47750,173676,120834,22331,28373,42636,16543,17191,79692124,82790,60289,10590,73859001,35593,81131738,14794,57835670,28157,119748272,10418,105288733,48278087
48000,176721,110335,23369,28367,39964,15957,18292,88466090,78790,63087,10709,74147137,34804,82741955,14161,57617786,27415,117818327,9915,107889510,48509467
48250,181414,110928,23088,28971,47584,16829,19757,85822017,79290,60913,10954,75746055,36363,82628532,14250,57391168,44867,118516008,10419,105368817,48755123
48500,178589,115213,22540,30087,46332,15993,19936,86309272,76668,63070,10880,76747294,38122,82968342,14536,58652157,30085,118934425,9330,104956091,48993260
48750,3668643,116457,22207,29166,45206,16157,20732,86001727,76615,65958,10669,76359487,37332,84831807,14557,58834666,27624,120604752,9876,106019079,49194942
49000,234633,114175,22495,28583,50083,16706,20332,84043715,72512,68077,10991,78515800,36801,88567715,13997,58644619,27957,122665009,10129,106782272,49521955
49250,1958319,129420,22491,29084,49342,19215,44354,87509888,72412,64296,11051,78296368,36090,91379051,14288,59784433,33502,119934759,10789,109758854,49717210
49500,394592,111628,22555,29076,53038,16118,19779,84702444,73749,63336,11045,78669598,37445,88059034,14617,59813522,28604,120180183,10877,108618659,50005415
49750,302128,133756,22707,27870,48624,17159,18326,85204577,73660,59591,11281,80031513,36767,89683045,14460,60512176,27595,120612481,9829,108994828,50426557
50000,224841,128616,22676,30209,56488,15804,17177,86670991,75371,69663,10519,79052817,36091,90615733,13457,62220110,27834,121119078,9702,109595129,50481723
50250,216135,119812,22921,32122,43712,16625,18810,87371964,70749,66911,10555,81287923,36810,90813566,13936,65215398,28003,123969917,9750,110473234,50743612
50500,188463,119879,22752,31293,48905,16668,16911,90763800,70914,67548,10414,83811921,37431,91490923,13746,62107434,27443,124809789,10377,112355874,50995900
50750,202337,114251,22705,32247,48547,22878,18420,87488471,74789,69385,10458,84073131,109470,92209272,14374,62557238,28861,124874672,10639,112597212,51224792
51000,188802,120378,22918,30681,52710,17993,17193,88140912,71492,73883,10467,83612950,49087,94740270,14882,63519219,27238,124665522,10216,113428399,51814481
51250,178471,123574,22457,31957,47421,18999,17572,87978397,70249,70262,10745,84572565,47508,94503186,14785,65923877,28115,125437168,9960,112426742,51770634
51500,166426,134907,22372,32924,49212,17247,17234,90079127,71075,78719,10623,84552517,39371,95689296,14877,63767109,28931,127385078,10084,112920467,52825497
51750,181509,128711,22331,32252,41884,18618,18418,91177287,79293,75673,10673,88568921,39870,95572507,15413,64620457,32009,126794232,9874,112923175,52422487
52000,172309,124302,22623,33420,45453,17878,18660,97052858,84627,77613,10638,89688619,39593,100611399,14674,64359913,27877,128734224,11166,116351709,52898668
52250,173049,131415,22752,35000,41540,20073,17856,97085727,92927,72721,10459,88565136,38409,100706688,14045,65096302,30346,129340230,10416,116347043,52877130
52500,189127,135705,22745,36670,39007,16554,17997,93199411,87542,68137,10630,89069643,41534,100343859,14923,68820918,30207,131713850,10418,117003140,53160707
52750,178590,129729,22839,34993,51001,18881,18848,94123497,81835,62838,10886,90420485,39037,105421374,15751,65514538,32192,128156377,10084,116017578,54062828
53000,168085,137432,22868,36787,45819,16670,19711,94482283,100127,54798,10651,88996853,37180,104864062,17303,65602034,31750,128493815,9834,117290113,53563072
53250,176720,153249,22327,36376,49625,18043,18108,95728240,82918,52250,10468,91947737,37117,102899337,16163,66653272,31417,129717556,10338,120142058,54154236
53500,161181,158755,22668,34959,51048,18961,41382,101104473,85125,55718,10709,95741472,34201,105305587,16311,67049370,29869,131695632,10462,119702215,54188992
53750,167677,144968,22505,34618,49211,19246,17045,99432754,81398,51092,10842,95842920,36625,106729967,16117,67473958,31568,133977333,10210,119345816,54434864
54000,161302,141553,22628,34497,43542,17753,18625,102597270,80666,52420,10483,96497193,33476,106115359,14659,67649413,31499,131921766,9752,118882566,54611214
54250,159090,141139,22917,34869,45239,16993,18712,99221178,81243,65122,10712,96036225,36668,107859960,19088,68227568,40465,132511271,9914,120053260,54802876
54500,161874,146408,22678,33338,47581,15750,16882,99652734,77655,60495,10989,98275126,34647,108199209,13884,69057503,32912,133900714,10501,121191039,55181146
54750,160876,146874,22469,33787,53871,19212,17673,102878240,81204,59464,10916,111373915,35371,108562261,15308,74923988,32376,134842983,9828,121820808,55357442
55000,153121,148507,22676,34631,60485,21201,17038,107113777,81081,59928,10993,99379233,34460,111227629,15170,70067126,35251,138047688,9710,122427988,55681364
55250,162794,153845,22384,32835,54001,17447,17911,105781080,86915,60910,10789,100529105,38804,112410042,14414,73139075,31424,135560138,10333,122726665,55822413
55500,162553,160632,23089,35079,56993,21675,17236,102217351,81664,59777,10673,100527684,36202,114276392,14615,71056108,33158,134872627,10331,123568818,56132047
55750,162868,164212,23613,34509,58323,22251,18435,102504356,89889,57340,11247,104451131,34950,115132371,13416,72769656,33250,136021685,10582,125228854,56307520
56000,151805,161790,23327,33676,59758,16626,17172,104180139,78833,58746,10916,107622400,33476,116681540,14126,78001360,64790,138577684,10749,125612533,56675441
56250,168014,163667,23046,34877,66623,20248,17214,103670852,80342,61548,10427,103962000,32612,120675133,16214,72108341,41034,136841532,9922,126620927,56882725
56500,160873,169187,40759,33576,58300,16501,17122,117859240,82325,61114,10581,106173896,36984,118904313,14084,72333612,38411,138492686,9955,127665530,57221540
56750,153705,179251,23371,34161,57504,15412,18174,109966312,2694122,73974,10500,113139885,35249,122163577,14746,79059184,44510,138815077,10082,128097906,57445165
57000,154000,192834,23796,33250,57212,20546,17298,107666503,143622,58684,10257,116926031,33799,123596781,13334,74853925,37583,142324198,9953,128491214,57586536
57250,178240,186936,22872,32541,52664,16500,17386,107553168,112681,60714,10795,111181235,32208,129082760,13624,77857030,37074,139814024,10127,128657890,57988396
57500,151593,190378,23743,32877,59786,16379,17654,112739834,1665212,61766,10836,112705039,32877,124547770,14130,77293872,36950,142543202,10795,127072640,58161193
57750,169047,203754,24000,31550,60372,15533,17095,110451615,251475,54665,10418,112432577,34156,127852627,16202,76805194,36163,140744756,10415,127619709,58477362
58000,154463,220088,23123,36383,66413,19141,17253,116878221,121501,61820,10422,114452428,33835,127708959,15405,77055583,35019,143252415,9999,128441756,58610947
58250,158219,241267,23254,33717,58548,18954,17346,112486350,175263,66096,10374,115100150,35533,128495896,16633,78363200,34585,145527655,10088,132647320,59043373
58500,155886,2015017,23131,32201,54401,16831,18411,116834760,130254,69123,10491,117251009,32016,130904764,16201,78499532,33963,143018137,9964,132210301,59842191
58750,143746,315006,23391,34741,64880,16833,17481,123749081,142292,63632,10453,119764079,33585,130554827,14470,85344664,33913,143657545,10332,133309635,59781811
59000,149171,2046604,23870,36053,60262,20246,16834,114421283,112704,65091,10447,124558436,35016,133286996,15782,81255867,34594,144064037,11502,133998436,59763811
59250,137762,162254,23140,32010,57551,18998,17425,122838800,119246,59055,10414,121759551,34323,135088213,16158,82004181,43035,147838697,10580,135580843,60242698
59500,158012,157505,53460,31711,4859057,20749,17576,114765776,124661,57966,10581,124362091,30141,141425568,15568,81050898,31133,144265379,9704,134137853,60472706
59750,147932,161430,23500,33662,98303,19086,17784,115345220,105719,62195,10372,125771288,30834,138004440,16717,88920010,31912,145199275,9581,133545295,60699463
60000,143346,170701,23385,32260,80433,19661,18286,115740480,112750,61913,10531,127730673,30429,140900889,15112,86637528,32287,146064257,9668,134864196,60961177
60250,149208,166869,23665,45156,80960,20590,17412,117169934,117745,68005,10397,131645645,35369,140904556,16044,87451641,31992,150841483,9666,135114164,61305688
60500,149628,168124,23825,40892,77678,21338,18682,125623499,111291,55958,10716,132192857,32215,148241268,16175,90663687,34092,146775095,9830,140620933,61480188
60750,149382,166492,23828,38081,82337,16177,18283,121392014,108508,64256,10462,139635821,33803,148309820,15442,86112267,30864,148313680,9996,137125331,61754414
61000,159496,167046,23919,37290,69902,16205,18040,133781437,108202,63795,10458,144730522,34886,151784711,15613,85701502,30622,150039718,9247,136839911,62038961
61250,148713,172835,23798,36121,76199,16168,18343,142065837,100975,65883,10840,136831250,31325,151214610,15287,87282723,30920,153966827,10131,139098521,62921984
61500,141543,169209,23722,35872,79952,15870,19117,133271604,102911,61715,10701,138864508,33360,153134802,16142,85553996,31340,150992103,10337,141088111,63023098
61750,144542,186094,23711,34505,75436,14705,17806,134661220,104032,66494,10540,139771111,33848,158894958,14630,86384402,37362,150129396,10121,140057647,62810937
62000,156790,192206,25253,34252,75466,15257,17753,125389913,119878,60581,10545,141679428,33799,163536971,14461,88707627,31086,151671143,10582,140299122,63032739
62250,247812,184923,23419,33299,70372,14538,17522,124438852,105795,56912,10455,142955535,31428,155490573,14559,96936871,30751,154611904,10662,141568903,63318359
62500,214666,194677,23666,35180,67295,18509,17412,125785838,99960,62805,10419,145949104,31577,157998812,15085,89218235,30997,153499143,14332,143736702,63471624
62750,224726,191002,25338,32706,65786,20170,18836,135856968,103174,67085,10383,148044396,34464,160685898,14115,88774225,32416,152681252,10457,141148481,63840386
63000,194636,200048,23330,30997,53766,18417,17998,131961898,100134,69928,10996,146636826,34291,160143115,15494,88750800,33164,153289015,9999,142050995,64005299
63250,184372,196456,23297,32414,52573,21276,17366,127708604,109670,71089,10645,158988997,35259,163225173,15300,89994170,43080,155954052,10169,141771580,64399241
63500,189882,201675,23621,33636,52726,19004,17160,127785319,109336,68457,10363,152973664,32214,165640358,15096,92825015,38214,154993698,10418,144211722,64476738
63750,185860,346175,23792,31499,51737,19469,16536,128333795,123043,63710,10412,156145183,35586,166597986,16498,94963456,35836,155821718,9915,147347199,64828283
64000,179835,155135,23583,31876,52588,23415,17587,137755606,98506,72591,10432,155699791,32595,169044135,14423,91873893,36842,156481560,10375,144300753,65060004
64250,178710,169878,23500,31538,50692,22513,17593,133732617,101552,72679,10469,156957447,34004,174479269,15520,94930953,50502,163088462,9999,146959572,65370959
64500,186431,179057,24335,29457,53923,21077,17751,136201726,111842,78634,10663,167013333,34838,180401514,15039,97200923,44378,158741727,9793,147715630,65552934
64750,173043,184594,23050,30164,48416,19831,16187,135782294,103037,85292,11041,161850867,31748,186884000,15759,95820591,2264606,158152708,9836,149524971,65766774
65000,174762,177832,23209,30126,53244,17292,17366,143618487,112962,69006,10754,161573206,32962,189431106,15250,98606765,104538,161838591,9792,148079466,65997235
65250,183244,179475,23506,29949,64624,23552,19259,152176047,91879,74225,10709,167911354,33340,179826370,15257,99641958,86369,160356650,9994,148587644,66430453
65500,161966,199611,23292,30297,56505,18205,17198,152065091,106410,72580,10753,171299532,33874,181647009,16659,102172749,56475,160315525,9337,149406872,66521788
65750,179671,192394,23547,30245,103502,17666,18174,142291646,95132,65083,11049,169491770,33777,184704458,14359,95189155,1820490,161570350,9793,150694072,66802375
66000,179386,190419,23795,29120,104463,20965,17410,141695685,111366,66116,10457,186963826,33097,187023927,14771,95406092,56014,164267017,10128,150198224,67091308
66250,157206,216929,23583,28335,86840,16302,17128,138442915,94838,67925,10536,183075335,31622,188279873,15277,102827263,56375,163173503,9835,152925534,68003459
66500,174459,199921,22956,28376,76879,14290,17208,145370911,95829,80916,10644,176652533,36918,192543458,14053,101305421,52326,165117790,9333,151774393,68169467
66750,166885,218299,23067,30499,70735,14505,16917,140867862,98174,67456,10834,177770346,33960,190865660,15553,96427623,53795,164519309,9579,154372529,68112953
67000,150546,230091,23290,29591,105922,14454,18539,143876431,96750,72797,11069,179977659,33786,194476800,15681,103666409,47038,167993529,9757,151939055,68288211
67250,174380,367098,23120,29709,60502,15414,17813,143906817,93512,81585,11036,186587901,34500,195399665,15422,101456265,45836,166449375,9633,153646264,68360762
67500,161918,289922,23487,29719,51291,14962,17487,141788211,90993,66291,10660,191225491,33912,197003387,15477,97431020,78248,166219251,9920,153588767,68642637
67750,166882,169519,23379,30081,48460,18916,17170,143207328,97382,77381,11040,187796347,37745,199071233,14249,103010377,45755,168873840,9834,157222299,68918532
68000,189964,147791,23382,28796,49587,14539,16042,143154928,100003,79583,10654,188646716,31695,201682773,15184,105020487,56135,168120868,10037,155489807,70631028
68250,165550,159752,23451,29153,43865,17507,16432,150471262,97218,75799,10750,203691391,32380,204249683,14612,103306530,47468,166230248,9788,155892613,69717347
68500,186289,146129,23470,29031,46757,14333,17279,143841530,96888,68686,10811,195353610,32015,207771950,14179,103801906,43708,166916961,9335,159080138,69930350
68750,174925,154458,23676,28377,52942,14254,17113,144235007,96594,75502,10701,194873605,33966,207788040,14545,100873622,44624,171671218,9290,162171714,70153066
69000,169747,145628,23508,28123,110799,14988,16838,145180986,97404,85621,10673,206630487,36709,211099469,14963,101866611,44548,168342733,10208,158343784,70178847
69250,171335,134503,24490,31167,77878,16860,17490,154975761,94922,77161,10551,201942724,33533,222621647,14337,102313701,45949,170481354,9462,158594250,70384774
69500,180133,138769,24255,31230,82876,17067,16340,152022546,92964,72969,10752,210953276,34912,224858108,15176,107597271,46625,176203640,9708,161267977,71344967
69750,160629,134510,24168,28083,67009,18864,18780,150592882,90710,74463,10758,212527028,32619,222325127,14080,109297410,42630,172083834,9584,159155670,71132672
70000,156547,127128,24332,27577,70378,15485,18340,148499462,94583,73960,10956,207820390,32290,228427433,14876,108994033,42306,173482660,9294,160211777,71173675
70250,163699,131789,23708,27666,64006,15691,16959,158730489,92586,82260,10701,208547960,32900,223146828,15252,104925240,41805,173143384,9459,161198012,71488786
70500,173636,129987,23619,27716,50788,15874,17043,156219053,86340,80172,11386,220551753,61387,226326579,15832,105057456,48304,177629433,9418,162937418,71790526
70750,168130,145760,23714,27788,62298,15517,16565,152388812,91835,84754,11494,215442357,36409,234775043,14433,106493535,51860,174105753,9545,162421209,71972274
71000,162302,125661,23571,29255,52837,16363,17665,153081171,95425,76918,10906,215824204,36511,225648681,16457,106653834,49796,173162996,9458,164108871,72331563
71250,163295,138507,23360,28675,60639,16269,17420,166561429,94323,82460,10705,225441819,35751,239133253,15223,115103162,49452,175709603,9296,164677223,72703716
71500,182503,137919,23328,27092,56373,15625,17434,155320816,98461,80543,10915,224199842,34795,241368321,15417,107515935,45765,175073540,9629,168308353,72900138
71750,151294,142877,23253,27625,53166,14592,17841,154924639,96082,89010,10968,236391302,33836,244771497,15411,110714197,46133,177278588,9412,166750864,72998968
72000,170132,139545,23043,26822,53628,15873,16166,160969386,84544,77478,10880,231315203,34402,248755411,15641,112772634,46248,177079744,9709,166402999,73389993
72250,168251,143552,23211,27512,55262,14726,17625,159629861,86678,74538,10952,236755946,33690,235195974,15132,115573728,46501,180981359,9330,167841621,73791905
72500,158763,154574,23167,27506,49385,17214,18040,157816473,96251,69950,10777,230278250,36215,260565881,15070,112035081,44215,177152898,9376,168609016,74068212
72750,158345,152511,23295,27923,48755,17478,17235,162291725,95301,75205,10775,232012845,35290,236964028,14751,116099653,43709,181543365,9248,168742853,75045228
73000,168699,141338,23364,27963,50302,15957,17082,165241440,92253,87922,11054,234754047,33320,238188730,14607,113197452,63423,182956089,8832,170416771,74870276
73250,159792,143332,23624,27789,51185,16231,16889,159310183,82801,80920,10656,244504757,33914,252673205,15708,114561619,54430,178993315,9580,172063500,74820392
73500,189309,138761,23213,28165,45792,17279,16447,160987606,90295,73676,10547,240135410,35807,251466703,17158,119955652,1565314,179536536,9248,170256587,75098277
73750,166586,147337,23500,27581,52004,15615,17886,159874241,90129,72051,10788,256167603,36291,262834707,15071,116334993,99003,183477422,9375,170516015,75691804
74000,181676,137005,23304,28037,48915,16255,17585,168225571,93668,77044,11167,246696279,34904,252362987,15981,124289243,88756,182705170,9293,174649118,81114650
74250,172469,136001,23703,28213,58618,16072,17640,167328251,83595,76619,10826,259196927,37460,259328808,15005,118685283,73261,184271698,9250,173590797,76988958
74500,167791,149421,23455,26725,56252,16706,17050,168558653,85703,73261,10757,248897883,33329,274348756,14976,125573814,56036,184369772,9378,172767765,76303896
74750,155628,144014,23084,31379,56290,16810,16834,172636651,87640,86592,10912,250748195,34961,257813303,15974,121112939,48096,186362567,12333,173882659,76538237
75000,164124,153421,23955,27542,46897,15906,16917,169720449,90954,76288,11918,258960066,33725,269527390,15764,122625644,47517,184613750,9039,176558187,76833995
75250,164592,151840,23537,27999,54675,17492,17550,168294564,84590,81366,11375,255177199,35786,261835003,16622,130146622,44955,187027832,9460,175096025,77189333
75500,172879,142802,23378,28869,56325,16467,16568,167393750,79675,84173,10953,257371711,38030,279630374,15669,124823888,50668,190092093,9917,176852319,77500061
75750,172831,148162,23385,28885,44746,17743,17805,176835328,90545,78996,10867,269682209,37790,264535338,14639,125391851,42214,186248841,9672,179378258,77674355
76000,161211,149414,23427,28314,52507,16214,16975,185492558,96183,81380,10532,275296119,36330,283791788,15865,132565358,41623,187831913,9498,177840656,77886193
76250,172957,151843,23546,32123,48515,16412,16558,184912872,83413,80426,10585,269634788,35959,268758502,15026,131988791,42132,189101658,9710,179549836,78255949
76500,168703,141719,38499,27245,46580,16653,18009,182992205,88671,81333,10791,272587082,35212,289203393,14663,130775792,39827,187931103,9412,178118092,78353122
76750,157588,151752,23334,26998,53315,21032,17369,173771936,88083,82041,10657,273310853,35507,274989900,15640,129699480,37559,188594354,9377,182396778,78617258
77000,174473,140793,23377,27342,53824,19589,17755,170227205,89114,86904,10908,281721102,34446,272628616,14630,133678561,123955,192662667,9334,180221315,78887751
77250,160050,145936,23659,27211,44128,21458,17206,170724813,85589,88639,11165,291297832,37963,293246517,15025,137455791,64511,192489413,10163,181379168,79294356
77500,155710,144374,23339,28713,46428,21593,16754,179590398,93706,83396,10845,281221435,39505,281396126,15220,137619301,57754,192861472,9998,184008844,79427777
77750,151716,151791,23795,27040,47033,18515,17490,170790605,84756,80426,11004,282470411,34379,299742287,15735,133165705,55015,195201613,9082,183351295,79762289
78000,163335,158381,23554,28165,50213,23228,17794,171313120,89915,86215,11201,295668888,37577,282658627,15135,140273632,61614,192685953,9422,183086957,79978908
78250,174353,154034,23506,27420,49507,23033,18116,177813673,85232,83467,10631,303678951,35660,292226111,15303,137127316,55405,192497646,9253,184749345,80267179
78500,189379,169542,24786,27871,51754,26565,18435,171671132,86133,87117,11038,300877409,38119,285229446,14999,141541954,51681,192887420,9669,184728063,80555893
78750,181890,157084,25169,28084,48127,21653,15667,172199727,120456,90068,10674,295014066,37662,306032648,14331,145753624,50335,197160304,9666,184752682,80936560
79000,182119,155075,24752,28000,48546,23918,18333,185746275,112752,90159,10496,295941727,36376,294621517,14118,144531000,45203,193579566,9750,185622959,81137239
79250,174489,155601,24666,26965,53348,18412,17287,181373904,110079,93084,11002,299979223,39500,305312404,14720,143094951,48868,194354276,9462,185506160,81345165
79500,223174,151843,24623,27530,53512,22834,17090,176340765,99795,99921,10959,304714531,35924,301032494,14718,145962549,48120,198879605,8873,184871273,81694888
79750,241832,159004,24970,27675,58384,16673,17079,186164875,104668,107412,10543,306386702,38916,303635208,14192,153487693,52838,196005256,9370,187108790,81888174
80000,225850,153922,26335,26869,49785,20423,17774,199385169,98114,112293,10494,315963307,40337,305230833,14840,152217182,45798,196630900,9374,190291933,82402279
80250,221974,149206,24787,28044,42633,24805,17892,193616597,96869,166133,11083,317865613,38965,310835044,14219,148133520,46038,200592852,9249,189155535,82580076
80500,196459,155435,24919,30510,45505,29700,17622,186369766,104087,169705,10415,311708898,39743,306542245,15106,159440047,45588,197684029,9832,188376882,82574453
80750,205510,156264,24841,29906,46541,23345,18047,184093941,103803,76089,10534,332727179,40415,334742622,13737,150180878,43251,200447251,9418,189847867,82671404
81000,196790,164659,25419,27848,46792,18142,17860,177221420,96500,77133,10470,318725601,41080,308504728,14224,150942987,47569,202784964,9121,190279767,84798804
81250,210965,156376,25330,29617,44558,25793,17067,177845809,97553,80714,10453,342843972,43958,317194139,14671,152078617,43299,200960551,9292,190639057,83509470
81500,195494,151512,24241,26460,47038,21198,17121,184342712,90210,72879,10707,320889212,40667,315295788,14700,162178358,46029,201640863,9456,192239124,83889182
81750,193087,156507,24499,26498,51625,21764,17929,180476178,87360,73051,10531,325981406,45870,349344297,14076,152702694,49041,202979380,9751,190785880,84116246
82000,224869,158500,24714,27827,49200,22935,17832,180732860,119085,77432,10622,329558012,40794,344349861,13622,156739956,42326,202031527,9545,192256716,84302288
82250,210713,168912,25086,27136,44920,23239,18544,185724749,103305,72803,10703,333019110,46828,323745182,14379,158952564,41723,203694434,9168,195478743,84551874
82500,228663,160466,24708,25958,51123,22269,17751,186480472,96012,78083,10819,348727614,46297,331737410,13668,164341879,40577,207555057,9419,194332107,84889103
82750,228093,167001,25053,59161,46113,18097,19441,186434687,98129,77205,10798,349019548,48667,340991876,13791,166683948,43538,205742779,9421,196053876,85089883
83000,216542,165795,24712,30838,57393,23235,18088,189596778,104742,76043,11456,339386180,46139,330084973,14299,167638108,52611,205854670,9710,195972957,85355313
83250,267435,154847,24747,32371,47961,21270,16539,194230784,96660,74702,11635,346269426,42280,340323651,13704,159424617,42623,208686978,9415,196279848,85648360
83500,232225,165505,24630,30707,61222,27996,17538,185993839,114045,75510,11377,342174726,42364,338932275,13999,167586104,39828,205469875,9630,196076339,86003006
83750,304429,164496,24573,29789,42501,24629,16430,186876837,109795,81158,10753,343638804,41043,348532726,13953,169867221,39879,208619094,9333,197069110,86764192
84000,229430,173541,24545,29509,48763,27307,17929,193442099,116294,88172,10613,356604970,41285,325589382,14623,167197299,47667,207751433,9291,199219106,86431400
84250,221888,185088,25164,29833,42226,19536,18492,183422808,123802,85164,10458,362154754,44121,336809460,14674,172503339,46117,206944478,9507,199280678,86693430
84500,214788,156961,24956,29583,44419,18959,18872,188770386,100715,85972,10544,351240739,46323,331403320,14661,170919366,43476,209663577,9545,201250232,87064154
84750,200255,161326,25173,27548,42221,26406,18136,193776391,100267,92533,10630,349691115,43044,347955674,15462,171448137,41245,210292833,9333,197867192,87437417
85000,225375,166952,24719,27841,40995,22007,16381,186951788,95715,91322,10499,352477232,40216,349042327,13956,169630997,39279,209802024,9415,200398589,87667263
85250,228163,167257,25327,28006,45413,23048,18840,187453146,7432871,107882,10665,359322309,44463,354313195,14924,182784268,41744,212070353,9417,201556599,87865552
85500,231965,178602,25051,28093,48445,24025,17832,196935238,79666,163555,8824,360511096,45257,349435173,14374,180977721,46954,213666474,9955,200229156,88240036
85750,234499,172177,24369,27628,44123,23316,17798,192031398,82961,1940552,8881,367998693,46754,363260163,14412,175889348,43136,214841404,9044,201389921,88931391
86000,216883,163637,24704,31252,45664,24524,18418,190647275,84301,84654,9049,370154795,45793,365182638,13295,185868692,41692,214336951,9541,205196102,89131248
86250,213308,174371,24882,28871,41063,31453,19202,195767811,99134,92095,8494,364583425,43955,343473322,15290,181127427,49619,213520360,9543,201904855,91956460
86500,229834,174133,25164,27725,44592,22121,18451,192895306,82672,78508,9000,365529030,45634,375999370,13542,182164735,43753,213514926,9747,202770981,91437992
86750,224684,184533,24918,30581,51008,22504,20360,190195975,79582,78378,8813,377122623,43423,357358952,14653,186560084,48667,217868801,9704,206812378,90342427
87000,222997,189740,24701,28789,42634,21005,22002,190704293,74432,79540,8580,383213142,63078,356479659,13510,190632625,46796,217330120,9501,205358594,90462046
87250,232638,179456,25161,28371,48880,27159,71922,206793275,72168,81875,9248,374673033,59625,367610370,14537,188542909,45218,216547859,9165,206970575,90965845
87500,261006,177884,25012,27169,43413,23427,19154,192802209,73790,83296,9261,381495302,49947,355159626,14214,189247831,40666,220195039,9545,207764505,91155315
87750,247663,163598,24916,27790,49757,22574,18511,193325991,75296,78210,9034,383763167,45672,372667726,14507,194940625,40079,218088965,9249,206028464,91381937
88000,229178,171093,24909,28414,50929,19111,18860,199554923,94473,82920,8921,378829018,4684014,383265869,13999,191198563,47157,224233183,9376,207134656,91580898
88250,226814,178719,24002,26870,52547,17110,22200,195068495,78964,84039,8669,386175195,94470,385170376,13791,188826570,45077,217982259,9504,211124713,91910244
88500,211375,181472,25171,27202,44918,19174,22709,201549394,79840,83668,9242,386418864,67716,369473301,13864,196615199,44178,219009776,9373,210464358,92092409
88750,219720,206671,24464,27364,44456,24218,24283,197331263,82178,81542,9299,401753451,66218,361058013,14548,189891892,41553,225070053,9582,209476619,92546574
89000,213256,187427,24798,27957,41748,29003,20894,211691800,93716,78592,8743,399531255,62793,381672327,13910,195938991,48598,223422061,9586,212621183,92839854
89250,220176,164513,24919,28663,46964,19036,26663,199109739,84459,79496,8968,386430539,53732,375786243,14113,206297387,40419,221093148,9670,213479623,92955027
89500,207869,164429,24457,27662,44378,23276,24279,205082902,98882,80200,9166,399724844,57259,368230712,14663,196121533,50419,225107809,9247,213823092,93250627
89750,200093,161386,24763,26249,43605,28006,25292,197969587,84465,82919,9005,391753538,57132,382213601,14040,202925447,43306,220990229,9501,215573298,93544839
90000,209009,158342,24793,26887,51470,23777,30134,201249794,95261,85622,9093,392748527,58306,375332542,14663,207004349,45833,221959444,9416,212455882,93623679
90250,218297,187103,24796,26923,42504,26221,28631,204803781,97844,81128,8700,394717204,55964,393369473,14670,198864499,44997,225180590,9376,212728033,94046767
90500,198622,197965,24743,37737,43257,20461,23752,206353813,86296,79789,8914,406986347,55916,401419398,14289,205618071,45000,224182191,9583,214552921,94146617
90750,187089,165606,24583,35414,46211,23657,17800,204713280,92461,84884,9293,400701175,61004,388176718,16629,210466133,40752,226582122,9504,214866256,95773476
91000,193504,165757,25176,36492,43782,29804,21432,208068842,84572,82582,9176,405849572,59055,392793394,14499,209576313,42255,227459415,9255,218820059,95550661
91250,219092,158766,24417,57961,44042,24403,17119,205989681,89164,87347,9536,401491453,56009,392025082,15127,215230635,35881,227609628,9503,216474492,95629033
91500,218514,162844,24664,33749,41556,24376,18520,207443399,88010,88515,9323,419058796,52708,388738231,17579,213883777,35783,229529916,9083,217655347,95931825
91750,220247,171129,25001,34539,46553,22399,17806,211027037,91431,95473,9170,403177380,56411,392660307,14873,210253169,39336,226563822,9374,218934132,95807150
92000,204340,167131,24369,34503,48443,21014,18431,203833389,90300,89964,8922,409909414,52120,394873673,13904,211820839,36173,227319345,9575,220941578,96142503
92250,214129,161602,24323,33823,44494,25974,16458,208539936,94129,95572,9091,437203298,51049,399923058,14425,219571270,41923,230850600,9546,223216677,97347654
92500,203644,161745,24756,33827,44850,20591,17493,202409387,93171,87505,8879,427847733,50340,399377505,17306,219144525,42289,228510015,9707,221954045,96835466
92750,195614,162965,24458,40579,40215,19462,18533,204378646,110989,91494,9038,418915890,49964,402327013,14378,218579336,35208,234264638,9914,221339781,96586976
93000,214088,162298,24668,32921,51214,24961,17852,217198151,93228,88342,20201,430413551,48006,397879040,13874,219146219,43743,232882532,9798,223527544,96951944
93250,207540,170047,24831,34250,48256,20965,16915,207072731,80795,90478,9277,426021439,50169,409934769,14795,236121074,37881,232501418,9918,225047176,98952160
93500,206883,164797,24797,33835,46250,20925,19760,203219120,96953,93797,9138,436279440,48578,412029459,19545,222624583,38240,236582078,10122,224137337,99794766
93750,192586,170257,24252,33634,48919,19930,16714,213403298,89711,99476,9289,423368320,51454,400448115,14241,217387142,45991,231252937,9919,226812237,98003212
94000,192049,168954,24786,39006,44254,21668,19041,205661027,99751,88308,8791,434222050,90191,408855270,15208,224865226,40951,234950849,10126,223912377,98108311
94250,201831,166040,24758,32587,50116,22815,18752,206456796,94340,80214,9546,444215298,90153,412913605,16083,232607700,49289,233708811,10457,225183601,98233100
94500,288760,167491,24666,33835,49574,23334,18025,216929011,95714,83330,8958,457861291,90855,425585897,15049,231895532,45672,235684061,9958,227707109,98625652
94750,266342,220935,26372,33784,54576,33278,17271,210935301,87069,85803,9054,433305116,80841,420854174,15053,232053065,44507,239908191,10497,224103513,101074599
95000,236135,172962,24873,33415,47963,22531,17339,217105023,93037,95999,8710,437630366,45724,433060955,14837,239832265,42248,234910089,10250,226139245,99503248
95250,240756,173045,24750,32710,48384,30749,17937,215863355,89709,98585,9124,443420283,48171,418312605,15839,232880260,45738,241490543,10006,230797223,100532091
95500,227008,176634,25000,38815,50628,29741,18554,214862416,89426,138173,8831,443125204,48561,425399351,16247,236574585,34993,237028666,10335,227977182,99848935
95750,217698,175803,24507,32499,51595,27890,19030,210527376,90292,96127,9240,443646337,46664,427451240,14959,234493305,39461,238675704,10086,228734030,100166281
96000,231253,184841,25046,31329,48927,31544,19272,216308968,85176,99986,8453,452071722,45665,437073475,15547,233014384,35225,242556877,11624,229666006,100223120
96250,229980,182502,24876,33097,48790,33241,18934,212051129,87182,90678,8585,451610952,44956,414840332,14725,242267339,41904,239359489,9956,232603907,100565416
96500,226249,189055,24956,33421,51409,14941,19675,220947643,92346,94500,9003,446302722,47295,427223815,15126,236520079,34289,243001278,10550,232429646,102545464
96750,228175,187933,33048,38993,52002,14834,19021,215842164,96211,87996,9124,452324258,49491,432677476,15540,242124207,40828,243007460,10047,229315270,103171908
97000,213433,203385,25376,33335,50002,15119,18741,217028311,85996,89125,9380,454643629,47309,432007290,15142,242391366,41328,239722464,9997,231413519,102348712
97250,224430,219468,24542,31961,52265,14982,17776,222384939,83754,87792,9250,454687634,43869,435714596,14619,242108484,38802,243817143,10038,235310356,103560707
97500,215970,256975,24793,31290,51198,14670,18988,219566389,85292,85257,8997,472651417,45791,441947908,14257,245479468,39111,243526070,10004,231501935,102609136
97750,231996,196322,24452,33082,48880,15033,18777,218734324,89838,83874,9293,462699233,47697,435766730,16487,248557657,43125,247934790,10032,234489653,102520730
98000,217757,181389,24867,32511,48382,14799,19561,221729364,90104,87293,8592,494536648,46885,442646345,15666,254552226,36783,244305631,10254,232695987,102847932
98250,206993,189511,24659,37589,52742,15777,16598,215582781,78461,84619,9387,460602435,51200,432449391,15906,247681787,38529,244912297,10077,233785136,102994820
98500,215353,191745,24423,33325,46742,14837,19464,220131163,97767,86827,9165,468564670,45538,441911400,15300,256203830,42098,247983407,10458,237357015,103191992
98750,210259,184933,25048,32625,47644,14787,18638,227027784,85461,84877,9548,461421209,45054,467623832,15004,248739027,38376,246234837,10012,234390499,103693130
99000,214420,204473,24458,33464,46002,15003,19242,221021644,90836,90385,8659,462277733,48118,449170079,15037,253131444,45960,249103136,9999,238160257,105359978
99250,205087,200511,24583,34260,45090,14749,17865,224277082,99100,81381,9344,464698769,44678,450544158,14062,259870682,36872,246289043,9998,235928413,104527691
99500,206917,229086,24334,40464,172565,14615,20173,221688286,88746,92009,8655,480620246,50261,457613746,15797,255849946,37513,246931337,9833,238589140,104538867
99750,203129,196414,24071,35367,73404,14873,18444,218393279,81587,89432,8750,469900755,186336,469570170,16088,274490752,34695,249893286,10292,238583263,105935075
100000,220807,191092,25213,35261,62793,14828,18690,228078931,87014,92714,8713,468257584,77826,484076189,15551,261306350,39950,247041303,9793,238956168,106352632
100250,214128,213707,24495,34630,60946,14458,17973,226281835,87919,88693,9714,492389592,67966,453372486,15992,270020912,43541,250181167,10461,244463159,105446393
100500,216099,208095,24451,36250,55408,14625,18876,228574153,94251,92095,9043,468817274,63295,467223311,15827,267542376,38749,249814601,9962,240858831,105553428
100750,223089,205511,24421,36920,54176,15422,20847,232034808,90530,97126,8587,480638792,61936,464799491,16005,273309500,36653,251981681,10089,241377052,105969738
101000,224128,207326,24569,42212,56103,14715,26360,227672519,81306,92755,9175,476050619,59340,479664133,17714,282795709,39837,253126845,10126,244927904,106055783
101250,221316,226719,24584,38420,51050,14708,16949,233608105,98292,97220,8586,488425891,55992,455272578,16770,278097312,43303,251205443,10044,244171964,108267342
101500,208871,230677,24713,37959,51332,14594,19817,230667463,84880,93390,8825,501374728,62032,468454130,16499,288206325,44668,251525501,9835,247529054,107890966
101750,223661,222331,24423,39503,65881,14659,19154,231068957,94836,92076,8852,490014862,57163,491087136,15281,286392101,36208,254479278,9837,247263129,107436703
102000,207552,215507,23838,47507,42871,14588,18501,236379587,109214,109583,9375,489082775,59128,484733987,15597,289979535,35089,253030824,9585,250096354,110940267
102250,212628,215508,24919,44206,44954,14533,17110,240054085,112488,103386,8958,478858331,51670,481410308,16716,282661111,37881,253054723,9579,252584209,110117398
102500,214210,243303,24006,37873,42721,14582,16385,261967053,91709,108289,8756,491969798,65663,473393866,17863,292126154,43665,255129493,9702,250816919,107208816
102750,219369,248382,24758,38288,41056,14803,18476,237036738,97546,100875,9375,495127465,57863,479588041,18263,286929657,45828,255431037,9709,253432924,107218405
103000,214960,265381,24582,36875,39760,14452,20278,241328045,77501,106925,8912,492791829,47171,478109127,19418,296051932,44456,255948129,10085,251847670,107650832
103250,220874,292471,24676,5284862,48036,14829,18546,239681158,91631,121585,9218,509184152,45993,493204190,19420,292832919,37612,259483176,9416,255746577,107546030
103500,214469,345165,25174,83626,45381,15213,18516,233931033,85972,126816,9045,499695952,53134,489820845,26124,302800722,34927,256771757,10375,255820757,109738719
103750,202546,324555,24953,75376,52702,14709,18812,246960115,82528,113369,9004,496851622,56601,478813677,27489,294695934,41094,258239707,10038,259590000,112196707
104000,204716,253299,25049,64568,43123,14503,20145,246895160,85290,139293,9089,507667105,50128,489418156,39205,302540663,37944,257797647,9378,262846927,109480161
104250,211354,245144,24758,64373,46033,14669,17945,245953349,91877,194032,9084,521130621,52720,500482054,36079,304085833,34292,261354622,10080,258288364,108622482
104500,93925,133921,11157,26472,25453,8386,16703,121213439,43995,67509,4246,230573873,22431,265461770,10373,138897554,14925,120838357,6035,134469494,50621144

